Reference Designator(s),X,Y,Rotation,Side
ARD_J1,6.35mm,62.23mm,180,Top
ARD_J2,6.35mm,77.47mm,0,Top
CAN_A,11.43mm,57.15mm,0,Top
CAN_A_J2,10.16mm,27.94mm,0,Top
BT_J1,-21.59mm,78.74mm,180,Top
POT_J1,52.07mm,52.07mm,0,Top
POT_J2,52.07mm,44.45mm,180,Top
OPT3_J1,38.10mm,52.07mm,180,Top
OPT3_J2,38.10mm,44.45mm,180,Top
R4,-17.1769mm,67.9131mm,45,Top
R5,-8.255mm,73.66mm,180,Top
D1,47.6199mm,40.64mm,0,Top
R3,29.8131mm,56.5469mm,315,Top
GPS,-17.78mm,52.07mm,0,Top
GSM MODEM J1,62.23mm,68.58mm,90,Top
R6,42.545mm,30.48mm,180,Top
CAN_J1,31.75mm,24.13mm,0,Top
POWER_J1,43.18mm,24.13mm,0,Top
RADIO_J1,54.61mm,24.13mm,0,Top
GSM MODEM J2,41.91mm,67.31mm,90,Top
GPIO,43.18mm,35.56mm,180,Top
U2,34.29mm,81.28mm,180,Top
U3,34.29mm,76.20mm,0,Top
UART CMD,31.75mm,35.56mm,0,Top
UART HW,54.61mm,35.56mm,0,Top
